,rat_0,rat_1,rat_2,rat_3,rat_4,rat_5
0,1502.6664267049464,1584.6744542412432,1501.1253975074192,1446.231775528623,1459.7807167549934,1399.7953214955799
